id,Name,Address,Website,Instate-On campus,Instate-Off campus,Instate-Off Campus with Family,Outstate-On campus,Outstate-Off campus,Outstate-Off Campus with Family
222178,Abilene Christian University,"Abilene Christian University
Address :  , Abilene, Texas 79699",www.acu.edu,"$45,980",,,"$45,980","$36,670",
138558,Abraham Baldwin Agricultural College,"Abraham Baldwin Agricultural College
Address : 2802 Moore Hwy, Tifton, Georgia 31793-2601",www.abac.edu,"$15,025","$14,053","$7,653","$21,632","$20,660","$14,260"
488031,Abraham Lincoln University,"Abraham Lincoln University
Address : 3530 Wilshire Boulevard, Suite 1430, Los Angeles, California 90010",www.alu.edu/,"$117,284",,"$60,356",,,
172866,Academy College,"Academy College
Address : 1600 W. 82nd Street, Suite 100, Bloomington, Minnesota 55431-1411",www.academycollege.edu,"$36,650",,"$28,111",,,
108232,Academy of Art University,"Academy of Art University
Address : 79 New Montgomery, San Francisco, California 94105",www.academyart.edu,"$41,234",,,"$39,804","$27,438",
439969,Acupuncture and Massage College,"Acupuncture and Massage College
Address : 10506 N Kendall Drive, Miami, Florida 33176",www.amcollege.edu,"$37,407",,"$17,127",,,
126182,Adams State University,"Adams State University
Address : 208 Edgemont Blvd, Alamosa, Colorado 81101",www.adams.edu,"$22,266","$23,409","$13,563","$33,282","$34,425","$24,579"
188429,Adelphi University,"Adelphi University
Address : South Ave, Garden City, New York 11530-0701",www.adelphi.edu/,"$53,688",,,"$53,688","$43,720",
168528,Adrian College,"Adrian College
Address : 110 S Madison St, Adrian, Michigan 49221-2575",www.adrian.edu,"$50,706",,,"$50,706","$39,966",
133872,Adventist University of Health Sciences,"Adventist University of Health Sciences
Address : 671 Winyah Drive, Orlando, Florida 32803",www.adu.edu,"$26,556",,,"$31,700","$20,430",
138600,Agnes Scott College,"Agnes Scott College
Address : 141 E. College Ave., Decatur, Georgia 30030-3770",www.agnesscott.edu,"$51,992",,,"$42,972","$40,472",
134811,AI Miami International University of Art and Design,"AI Miami International University of Art and Design
Address : 1501 Biscayne Boulevard, Miami, Florida 33132-1418",www.artinstitutes.edu/miami/,"$32,433",,,"$31,010","$23,003",
100654,Alabama A & M University,"Alabama A &amp; M University
Address : 4900 Meridian Street, Normal, Alabama 35762",www.aamu.edu/,"$22,886","$22,886","$14,056","$31,016","$31,016","$22,186"
100724,Alabama State University,"Alabama State University
Address : 915 S Jackson Street, Montgomery, Alabama 36104-0271",www.alasu.edu,"$19,634","$22,368","$15,048","$26,570","$29,304","$21,984"
102580,Alaska Bible College,"Alaska Bible College
Address : 248 E Elmwood, Palmer, Alaska 99645",www.akbible.edu/,"$19,560",,,"$24,297","$13,860",
102669,Alaska Pacific University,"Alaska Pacific University
Address : 4101 University Dr, Anchorage, Alaska 99508",www.alaskapacific.edu,"$33,690",,,"$40,750","$25,690",
188526,Albany College of Pharmacy and Health Sciences,"Albany College of Pharmacy and Health Sciences
Address : 106 New Scotland Avenue, Albany, New York 12208-3492",www.acphs.edu,"$46,279",,,"$48,099","$37,279",
138716,Albany State University,"Albany State University
Address : 504 College Drive, Albany, Georgia 31705",www.asurams.edu/,"$17,398","$21,270","$10,648","$27,646","$31,518","$20,896"
128498,Albertus Magnus College,"Albertus Magnus College
Address : 700 Prospect St, New Haven, Connecticut 06511-1189",www.albertus.edu,"$51,530",,,"$50,567","$38,302",
168546,Albion College,"Albion College
Address : 611 E Porter St, Albion, Michigan 49224",www.albion.edu,"$54,150",,,"$54,150","$42,860",
210571,Albright College,"Albright College
Address : 1621 N. 13th St., Reading, Pennsylvania 19612-5234",www.albright.edu,"$55,992",,,"$56,392","$45,204",
175342,Alcorn State University,"Alcorn State University
Address : 1000 ASU Dr Ste 359, Alcorn State, Mississippi 39096-7500",www.alcorn.edu,"$22,644",,,"$24,170","$14,814",
237118,Alderson Broaddus University,"Alderson Broaddus University
Address : 101 College Hill Drive, Philippi, West Virginia 26416-2035",www.ab.edu/,"$37,162",,,"$39,305","$29,882",
188641,Alfred University,"Alfred University
Address : One Saxon Drive, Alfred, New York 14802-1205",www.alfred.edu,"$42,524",,,"$42,524","$34,698",
156189,Alice Lloyd College,"Alice Lloyd College
Address : 100 Purpose Rd, Pippa Passes, Kentucky 41844",www.alc.edu,"$24,290",,,"$21,800","$17,950",
210669,Allegheny College,"Allegheny College
Address : 520 N Main St, Meadville, Pennsylvania 16335-3902",www.allegheny.edu,"$58,920",,,"$56,420","$47,750",
200873,Allegheny Wesleyan College,"Allegheny Wesleyan College
Address : 2161 Woodsdale Rd, Salem, Ohio 44460-9598",awc.edu,"$12,412",,,"$11,340","$8,860",
152798,Allen College,"Allen College
Address : 1990 Heath St, Waterloo, Iowa 50703-1999",www.allencollege.edu,"$31,185",,"$23,904",,,
217624,Allen University,"Allen University
Address : 1530 Harden Street, Columbia, South Carolina 29204",www.allenuniversity.edu/,"$22,800",,,"$21,240","$17,440",
110468,Alliant International University-San Diego,"Alliant International University-San Diego
Address : 10455 Pomerado Road, San Diego, California 92131",www.alliant.edu,"$37,040",,"$24,212",,,
168591,Alma College,"Alma College
Address : 614 W Superior, Alma, Michigan 48801-1599",alma.edu,"$50,613",,,"$50,613","$40,375",
210775,Alvernia University,"Alvernia University
Address : 400 Saint Bernardine St, Reading, Pennsylvania 19607-1799",www.alvernia.edu,"$47,510",,,"$42,470","$36,270",
238193,Alverno College,"Alverno College
Address : 3400 S 43rd  St, Milwaukee, Wisconsin 53234-3922",www.alverno.edu,"$38,551",,,"$39,472","$31,622",
222628,Amberton University,"Amberton University
Address : 1700 Eastgate Dr, Garland, Texas 75041-5595",www.amberton.edu,,,,,,
457527,Ambria College of Nursing,"Ambria College of Nursing
Address : 5210 Trillium Blvd, Hoffman Estates, Illinois 60192",ambria.edu,"$77,913",,"$47,110",,,
142887,American Academy of Art,"American Academy of Art
Address : 332 S Michigan Ave, Chicago, Illinois 60604-4302",www.aaart.edu,"$42,974",,"$36,885",,,
219505,American Baptist College,"American Baptist College
Address : 1800 Baptist World Ctr Dr, Nashville, Tennessee 37207-9980",www.abcnash.edu,"$24,644",,,"$25,628","$16,004",
457688,American Business and Technology University,"American Business and Technology University
Address : 1018 W St Maartens Dr, St Joseph, Missouri 64506",abtu.edu,"$62,590",,"$24,610",,,
461005,American College for Medical Careers,"American College for Medical Careers
Address : 5959 Lake Ellenor Lake, Orlando, Florida 32809",www.acmc.edu,"$67,630",,"$42,110",,,
438586,American InterContinental University-Atlanta,"American InterContinental University-Atlanta
Address : 6600 Peachtree Dunwoody Road, 500 Embassy Row, Atlanta, Georgia 30328",www.aiuniv.edu/online-campus/campus-locations/atlanta,"$26,141",,"$19,533",,,
445133,American InterContinental University-Houston,"American InterContinental University-Houston
Address : 9999 Richmond Avenue, Houston, Texas 77042",www.aiuniv.edu/online-campus/campus-locations/houston,"$24,804",,"$18,196",,,
445027,American InterContinental University-Online,"American InterContinental University-Online
Address : 231 N. Martingale Rd., 6th Floor, Schaumburg, Illinois 60173",www.aiuniv.edu,"$17,580",,"$12,015",,,
164447,American International College,"American International College
Address : 1000 State Street, Springfield, Massachusetts 01109",www.aic.edu,"$49,490",,,"$42,260","$37,630",
142957,American Islamic College,"American Islamic College
Address : 640 W Irving Park RD, Chicago, Illinois 60613",www.aicusa.edu,"$15,575",,,"$15,200","$8,700",
116846,American Jewish University,"American Jewish University
Address : 15600 Mulholland Dr, Los Angeles, California 90077-1519",www.aju.edu,"$51,820",,,"$55,676","$36,750",
188854,American Musical and Dramatic Academy,"American Musical and Dramatic Academy
Address : 211 West 61st Street, New York, New York 10023",www.amda.edu,"$51,950",,,"$51,950","$39,800",
232797,American National University,"American National University
Address : 1813 East Main Street, Salem, Virginia 24153",www.an.edu/locations/,"$29,036",,"$21,852",,,
457004,American National University-Columbus,"American National University-Columbus
Address : 5665 Forest Hills Blvd, Columbus, Ohio 45420",www.an.edu/locations/columbus-oh/,"$29,036",,"$21,852",,,
157021,American National University-Lexington,"American National University-Lexington
Address : 2376 Sir Barton Way, Lexington, Kentucky 40509",www.an.edu/locations/,"$28,987",,"$21,907",,,
449339,American Public University System,"American Public University System
Address : 111 W Congress St, Charles Town, West Virginia 25414",www.apus.edu,"$16,112",,"$9,088",,,
240736,American Samoa Community College,"American Samoa Community College
Address : PO Box 2609, Pago Pago, American Samoa 96799-2609",www.amsamoa.edu,"$9,900",,"$7,400","$10,200","$7,700",
460738,American Sentinel University,"American Sentinel University
Address : 2260 South Xanadu Way, Aurora, Colorado 80014-6510",www.americansentinel.edu,,,,,,
131159,American University,"American University
Address : 4400 Massachusetts Ave NW, Washington, District of Columbia 20016-8001",www.american.edu,"$62,272",,,"$62,272","$47,274",
433004,American University of Health Sciences,"American University of Health Sciences
Address : 1600 East Hill St, Signal Hill, California 90755-3612",www.auhs.edu,"$37,358",,"$26,366",,,
241128,American University of Puerto Rico,"American University of Puerto Rico
Address : Carretera Estatal #2 Km.48.1, Manati, Puerto Rico 00674-1082",www.aupr.edu,"$19,561",,"$16,061",,,
241100,American University of Puerto Rico,"American University of Puerto Rico
Address : Carr. #2, Km.14.4, Bo. Hato Tejas, Bayamon, Puerto Rico 00960-2037",www.aupr.edu,"$19,561",,"$16,061",,,
447263,AmeriTech College-Draper,"AmeriTech College-Draper
Address : 12257 South Business Park Drive-Ste 100, Draper, Utah 84020-6545",www.ameritech.edu,"$31,129",,"$19,264",,,
164465,Amherst College,"Amherst College
Address : Boltwood Avenue, Amherst, Massachusetts 01002-5000",www.amherst.edu,"$68,986",,,"$68,986","$55,276",
100690,Amridge University,"Amridge University
Address : 1200 Taylor Rd, Montgomery, Alabama 36117-3553",www.amridgeuniversity.edu,"$19,880",,"$10,280",,,
217633,Anderson University,"Anderson University
Address : 316 Boulevard, Anderson, South Carolina 29621-4035",www.andersonuniversity.edu,"$40,334",,,"$41,640","$32,290",
150066,Anderson University,"Anderson University
Address : 1100 E 5th St, Anderson, Indiana 46012-3495",www.anderson.edu,"$42,200",,,"$38,650","$32,650",
168740,Andrews University,"Andrews University
Address : 4150 Administration Drive, Room 136, Berrien Springs, Michigan 49104",www.andrews.edu,"$38,626",,,"$43,648","$29,884",
457299,Angeles College,"Angeles College
Address : 3440 Wilshire Blvd Ste 310, Los Angeles, California 90010",www.angelescollege.edu,"$16,100",,"$7,856",,,
222831,Angelo State University,"Angelo State University
Address : 2601 W. Avenue N, San Angelo, Texas 76909",www.angelo.edu,"$19,943","$19,943","$11,727","$29,735","$29,735","$21,519"
164492,Anna Maria College,"Anna Maria College
Address : 50 Sunset Lane, Paxton, Massachusetts 01612-1198",www.annamaria.edu,"$51,620",,,"$45,122","$39,110",
483018,Antioch College,"Antioch College
Address : 1 Morgan Pl, Yellow Springs, Ohio 45387",antiochcollege.org,"$51,732",,,"$49,968","$40,168",
485908,Antioch University-Connected,"Antioch University-Connected
Address : 900 Dayton Street, Yellow Springs, Ohio 45387",online.antioch.edu,,,,,,
245838,Antioch University-Los Angeles,"Antioch University-Los Angeles
Address : 400 Corporate Pointe, Culver City, California 90230-7615",www.antiochla.edu,,,,,,
245892,Antioch University-Midwest,"Antioch University-Midwest
Address : 900 Dayton St, Yellow Springs, Ohio 45387",midwest.antioch.edu/,,,,,,
245847,Antioch University-Santa Barbara,"Antioch University-Santa Barbara
Address : 602 Anacapa Street, Santa Barbara, California 93101",www.antiochsb.edu,,,,,,
245883,Antioch University-Seattle,"Antioch University-Seattle
Address : 2326 6th Ave, Seattle, Washington 98121-1814",www.antiochseattle.edu,,,,,,
441511,Apex School of Theology,"Apex School of Theology
Address : 1701 T.W. Alexander Drive, Durham, North Carolina 27703",www.apexsot.edu,"$29,150",,"$11,810",,,
237136,Appalachian Bible College,"Appalachian Bible College
Address : 161 College Drive, Mount Hope, West Virginia 25880-9557",www.abc.edu,"$24,940",,,"$22,980","$17,480",
197869,Appalachian State University,"Appalachian State University
Address : 287 Rivers St, Boone, North Carolina 28608",www.appstate.edu/,"$18,941","$19,502","$11,122","$33,457","$34,018","$25,638"
219578,Aquinas College,"Aquinas College
Address : 4210 Harding Pike, Nashville, Tennessee 37205",www.aquinascollege.edu,"$37,231",,,"$38,705","$28,381",
168786,Aquinas College,"Aquinas College
Address : 1607 Robinson Road SE, Grand Rapids, Michigan 49506-1799",www.aquinas.edu,"$41,472",,,"$39,170","$33,330",
211088,Arcadia University,"Arcadia University
Address : 450 S Easton Rd, Glenside, Pennsylvania 19038-3295",www.arcadia.edu,"$57,020",,,"$61,845","$46,270",
367936,Argosy University-Atlanta,"Argosy University-Atlanta
Address : 980 Hammond Drive, Building 2, Suite 100, Atlanta, Georgia 30328",www.artinstitutes.edu/atlanta,"$26,454",,"$18,447",,,
145770,Argosy University-Chicago,"Argosy University-Chicago
Address : 225 N. Michigan Ave, Ste 1300, Chicago, Illinois 60601",www.argosy.edu/chicago,"$26,750",,"$18,743",,,
442222,Argosy University-Dallas,"Argosy University-Dallas
Address : 5001 Lyndon B. Johnson Freeway, Heritage Square, Suite 230, Farmers Branch, Texas 75244",www.argosy.edu/dallas/,"$26,462",,"$18,455",,,
448734,Argosy University-Denver,"Argosy University-Denver
Address : 7600 East Eastman Avenue, Denver, Colorado 80231",www.argosy.edu/denver/,"$26,462",,"$18,455",,,
366748,Argosy University-Hawaii,"Argosy University-Hawaii
Address : 1001 Bishop Street, Suite 400, Honolulu, Hawaii 96813",www.argosy.edu/locations/state/hawaii,"$26,462",,"$18,455",,,
450526,Argosy University-Inland Empire,"Argosy University-Inland Empire
Address : 3401 Centre Lake Drive, Suite 200, Ontario, California 91761",www.argosy.edu/locations/inland-empire,"$29,296",,"$18,755",,,
447272,Argosy University-Los Angeles,"Argosy University-Los Angeles
Address : 5230 Pacific Concourse, Suite 200, Los Angeles, California 90045",www.argosy.edu/locations/los-angeles,"$29,296",,"$18,760",,,
450535,Argosy University-Nashville,"Argosy University-Nashville
Address : 100 Centerview Dr, Suite 225, Nashville, Tennessee 37214",www.argosy.edu/nashville/,"$26,462",,"$18,455",,,
436438,Argosy University-Orange County,"Argosy University-Orange County
Address : 601 South Lewis Street, Orange, California 92868",www.argosy.edu/locations/los-angeles-orange-county,"$29,396",,"$18,860",,,
436094,Argosy University-Phoenix,"Argosy University-Phoenix
Address : 2233 West Dunlap Avenue, Phoenix, Arizona 85021",www.argosy.edu/phoenix/,"$26,462",,"$18,455",,,
456348,Argosy University-Phoenix Online Division,"Argosy University-Phoenix Online Division
Address : 2233 West Dunlap Avenue, Phoenix, Arizona 85021",www.argosy.edu/locations/online,"$33,577",,"$23,547",,,
452090,Argosy University-Salt Lake City,"Argosy University-Salt Lake City
Address : 121 Election Rd Ste 300, Draper, Utah 84020",www.argosy.edu/locations/salt-lake-city,"$26,462",,"$18,455",,,
450544,Argosy University-San Diego,"Argosy University-San Diego
Address : 1615 Murray Canyon Road, Suite 100, San Diego, California 92108",www.argosy.edu/sandiego,"$29,296",,"$18,760",,,
121983,Argosy University-San Francisco Bay Area,"Argosy University-San Francisco Bay Area
Address : 1005 Atlantic Avenue, Alameda, California 94501",www.argosy.edu/locations/san-francisco,"$29,296",,"$18,760",,,
137148,Argosy University-Sarasota,"Argosy University-Sarasota
Address : 5250 17th Street, Sarasota, Florida 34235",www.argosy.edu/sarasota/,"$26,462",,"$18,455",,,
420866,Argosy University-Schaumburg,"Argosy University-Schaumburg
Address : 999 North Plaza Dr., Suite 111, Schaumburg, Illinois 60173-5403",www.argosy.edu/schaumburg,"$26,462",,"$18,455",,,
486196,Beth Medrash Meor Yitzchok,"Beth Medrash Meor Yitzchok
Address : 85 Dykstras Way East, Monsey, New York 10952-4023",bethmedrashmeoryitzchok.com,"$18,100",,,"$25,574","$13,900",
488314,Beth Medrash of Asbury Park,"Beth Medrash of Asbury Park
Address : 1500 Vermont Avenue, Lakewood, New Jersey 08701-5842",baismedrashzichronmeir.com,"$16,300",,,"$26,824","$15,150",
237181,Bethany College,"Bethany College
Address : 31 E Campus Dr, Bethany, West Virginia 26032",www.bethanywv.edu,"$41,220",,,"$41,220","$31,296",
154721,Bethany College,"Bethany College
Address : 335 E Swensson St, Lindsborg, Kansas 67456-1897",www.bethanylb.edu,"$42,090",,,"$38,630","$32,490",
486284,Bethany Global University,"Bethany Global University
Address : 6820 Auto Club Road, Bloomington, Minnesota 55438-2849",www.bethanygu.edu/,"$22,570",,,"$23,956","$18,212",
173142,Bethany Lutheran College,"Bethany Lutheran College
Address : 700 Luther Dr, Mankato, Minnesota 56001",www.blc.edu,"$36,150",,,"$36,150","$28,190",
150145,Bethel College-Indiana,"Bethel College-Indiana
Address : 1001 Bethel Circle, Mishawaka, Indiana 46545-5591",www.bethelcollege.edu,"$38,660",,,"$34,190","$30,190",
154749,Bethel College-North Newton,"Bethel College-North Newton
Address : 300 E 27th St, North Newton, Kansas 67117-1716",www.bethelks.edu,"$40,611",,,"$41,901","$32,401",
219718,Bethel University,"Bethel University
Address : 325 Cherry Ave, McKenzie, Tennessee 38201",www.bethelu.edu/,"$31,262",,,"$31,262","$21,464",
173160,Bethel University,"Bethel University
Address : 3900 Bethel Dr, Saint Paul, Minnesota 55112",www.bethel.edu,"$48,986",,,"$47,810","$40,460",
110060,Bethesda University,"Bethesda University
Address : 730 N. Euclid St, Anaheim, California 92801",www.buc.edu,"$22,610",,"$12,785",,,
486053,Bethlehem College & Seminary,"Bethlehem College &amp; Seminary
Address : 720 13th Avenue South, Minneapolis, Minnesota 55415-1793",bcsmn.edu,"$12,320",,,"$11,155","$6,980",
132602,Bethune-Cookman University,"Bethune-Cookman University
Address : 640 Dr Mary McLeod Bethune Blvd, Daytona Beach, Florida 32114-3099",www.cookman.edu,"$28,820",,,"$32,660","$20,260",
139153,Beulah Heights University,"Beulah Heights University
Address : 892 Berne St SE, Atlanta, Georgia 30316",www.beulah.edu,"$20,410",,,"$22,710","$11,010",
475635,Beverly Hills Design Institute,"Beverly Hills Design Institute
Address : 8484 Wilshire Blvd Suite #730, Beverly Hills, California 90211",www.bhdi.edu,"$39,471",,"$26,520",,,
110097,Biola University,"Biola University
Address : 13800 Biola Ave, La Mirada, California 90639-0001",www.biola.edu,"$52,242",,,"$52,242","$41,682",
100937,Birmingham Southern College,"Birmingham Southern College
Address : 900 Arkadelphia Road, Birmingham, Alabama 35254",www.bsc.edu/,"$50,400",,,"$47,980","$39,980",
442949,Birthingway College of Midwifery,"Birthingway College of Midwifery
Address : 12113 SE Foster Rd, Portland, Oregon 97266",birthingway.edu,,,,,,
200022,Bismarck State College,"Bismarck State College
Address : 1500 Edwards Ave., Bismarck, North Dakota 58506-5587",bismarckstate.edu/,"$15,559","$15,151","$8,159","$20,428","$20,020","$13,028"
219046,Black Hills State University,"Black Hills State University
Address : 1200 University St, Spearfish, South Dakota 57799-9500",www.bhsu.edu,"$20,199","$20,199","$13,504","$23,115","$23,115","$16,420"
143288,Blackburn College,"Blackburn College
Address : 700 College Ave, Carlinville, Illinois 62626",www.blackburn.edu,"$30,176",,,"$28,612","$22,712",
143297,Blessing Rieman College of Nursing and Health Sciences,"Blessing Rieman College of Nursing and Health Sciences
Address : Broadway at 11th Street, Quincy, Illinois 62305-7005",www.brcn.edu,,,,,,
183822,Bloomfield College,"Bloomfield College
Address : 467 Franklin St, Bloomfield, New Jersey 07003",www.bloomfield.edu/,"$44,546",,,"$44,686","$40,441",
211158,Bloomsburg University of Pennsylvania,"Bloomsburg University of Pennsylvania
Address : 400 E Second St, Bloomsburg, Pennsylvania 17815",www.bloomu.edu,"$23,406","$23,406","$23,406","$34,498","$34,498","$34,498"
175430,Blue Mountain College,"Blue Mountain College
Address : 201 W Main St, Blue Mountain, Mississippi 38610-9509",www.bmc.edu,"$20,951",,,"$21,272","$15,272",
231554,Bluefield College,"Bluefield College
Address : 3000 College Avenue, Bluefield, Virginia 24605",www.bluefield.edu,"$37,028",,,"$36,200","$29,700",
237215,Bluefield State College,"Bluefield State College
Address : 219 Rock St, Bluefield, West Virginia 24701",www.bluefieldstate.edu,"$22,008",,"$12,208","$28,476","$18,676",
201371,Bluffton University,"Bluffton University
Address : 1 University Drive, Bluffton, Ohio 45817-2104",www.bluffton.edu,"$44,652",,,"$44,232","$36,262",
217749,Bob Jones University,"Bob Jones University
Address : 1700 Wade Hampton Boulavard, Greenville, South Carolina 29614-0001",www.bju.edu,"$24,820",,,"$29,600","$18,350",
142090,Boise Bible College,"Boise Bible College
Address : 8695 W Marigold St, Boise, Idaho 83714-1220",www.boisebible.edu,"$25,900",,,"$29,835","$17,350",
142115,Boise State University,"Boise State University
Address : 1910 University Dr, Boise, Idaho 83725",www.boisestate.edu,"$19,424","$21,284","$10,988","$33,874","$35,734","$25,438"
233356,Bon Secours Memorial College of Nursing,"Bon Secours Memorial College of Nursing
Address : 8550 Magellan Parkway Suite 1100, Richmond, Virginia 23227-1149",www.bsmcon.edu,,,,,,
189413,Boricua College,"Boricua College
Address : 3755 Broadway, New York, New York 10032-1560",boricuacollege.edu,"$25,825",,"$14,650",,,
164872,Boston Architectural College,"Boston Architectural College
Address : 320 Newbury Street, Boston, Massachusetts 02115-2703",www.the-bac.edu,"$40,146",,"$24,900",,,
164614,Boston Baptist College,"Boston Baptist College
Address : 950 Metropolitan Ave, Boston, Massachusetts 02136-4030",boston.edu,"$26,691",,,"$29,348","$17,783",
164924,Boston College,"Boston College
Address : 140 Commonwealth Avenue, Chestnut Hill, Massachusetts 02467",www.bc.edu,"$68,064",,,"$64,446","$55,746",
164988,Boston University,"Boston University
Address : One Silber Way, Boston, Massachusetts 02215",www.bu.edu,"$68,060",,,"$68,060","$55,040",
161004,Bowdoin College,"Bowdoin College
Address : 255 Maine Street, Brunswick, Maine 04011",www.bowdoin.edu/,"$65,590",,,,,
162007,Bowie State University,"Bowie State University
Address : 14000 Jericho Park Rd, Bowie, Maryland 20715-9465",www.bowiestate.edu,"$21,880","$24,794","$11,680","$32,416","$35,330","$22,216"
201441,Bowling Green State University-Main Campus,"Bowling Green State University-Main Campus
Address : 220 McFall Ctr, Bowling Green, Ohio 43403",www.bgsu.edu,"$24,361","$24,303","$16,561","$31,897","$31,839","$24,097"
143358,Bradley University,"Bradley University
Address : 1501 W Bradley Ave, Peoria, Illinois 61625-0001",www.bradley.edu,"$45,570",,,"$45,570","$39,170",
165015,Brandeis University,"Brandeis University
Address : 415 South St, Waltham, Massachusetts 02454-9110",www.brandeis.edu/,"$68,125",,,"$65,075","$55,615",
262086,Brandman University,"Brandman University
Address : 16355 Laguna Canyon Road, Irvine, California 92618",www.brandman.edu/,"$29,020",,"$18,028",,,
223506,Brazosport College,"Brazosport College
Address : 500 College Dr, Lake Jackson, Texas 77566-3199",www.brazosport.edu,"$17,296","$8,041","$18,316","$9,061","$19,936","$10,681"
139199,Brenau University,"Brenau University
Address : 500 Washington Street SE, Gainesville, Georgia 30501-3668",www.brenau.edu,"$43,470",,,"$42,636","$32,352",
,,,,,,,,,
198066,Brevard College,"Brevard College
Address : One Brevard College Drive, Brevard, North Carolina 28712",www.brevard.edu,"$40,784",,,"$37,540","$30,790",
139205,Brewton-Parker College,"Brewton-Parker College
Address : 201 David-Eliza Fountain Circle, Mount Vernon, Georgia 30445",www.bpc.edu,"$31,236",,,"$31,236","$22,360",
152992,Briar Cliff University,"Briar Cliff University
Address : 3303 Rebecca Street, Sioux City, Iowa 51104",www.briarcliff.edu,"$42,000",,,"$42,000","$33,326",
189459,Briarcliffe College,"Briarcliffe College
Address : 1055 Stewart Ave, Bethpage, New York 11714-3545",www.briarcliffe.edu,,,,,,
231581,Bridgewater College,"Bridgewater College
Address : 402 E College St, Bridgewater, Virginia 22812-1599",www.bridgewater.edu/about-us,"$47,940",,,"$46,100","$36,800",
165024,Bridgewater State University,"Bridgewater State University
Address : 131 Summer Street, Bridgewater, Massachusetts 02325",www.bridgew.edu,"$25,403","$25,403","$14,103","$31,543","$31,543","$20,243"
230047,Brigham Young University-Hawaii,"Brigham Young University-Hawaii
Address : 55-220 Kulanui Street, Laie, Hawaii 96762-1294",www.byuh.edu/,"$17,756",,,"$17,706","$11,706",
142522,Brigham Young University-Idaho,"Brigham Young University-Idaho
Address : 525 S Center, Rexburg, Idaho 83460-1690",www.byui.edu,"$11,900",,,"$11,900","$6,904",
230038,Brigham Young University-Provo,"Brigham Young University-Provo
Address : Main Campus, Provo, Utah 84602",www.byu.edu,"$18,060",,,"$18,060","$10,612",
397270,Bristol University,"Bristol University
Address : 2390 E. Orangewood Ave., Suite 485 &amp; 105, Anaheim, California 92806-6198",www.bristoluniversity.edu,"$95,906",,"$52,413",,,
459091,Broadview Entertainment Arts University,"Broadview Entertainment Arts University
Address : 240 E Morris Ave, Salt Lake City, Utah 84115",beau.broadviewuniversity.edu/,"$27,500",,"$21,798",,,
467793,Broadview University-Boise,"Broadview University-Boise
Address : 2750 East Gala Court, Meridian, Idaho 83642-0000",www.broadviewuniversity.edu/,"$27,500",,"$21,798",,,
444088,Brookline College-Albuquerque,"Brookline College-Albuquerque
Address : 4201 Central Ave NW-Ste J, Albuquerque, New Mexico 87105",www.brooklinecollege.edu,"$37,026",,"$24,585",,,
104090,Brookline College-Phoenix,"Brookline College-Phoenix
Address : 2445 W. Dunlap Ave., Ste. 100, Phoenix, Arizona 85021",www.brooklinecollege.edu,"$152,080",,"$113,800",,,
438179,Brookline College-Tucson,"Brookline College-Tucson
Address : 5441 E. 22nd St, Ste.125, Tucson, Arizona 85711",www.brooklinecollege.edu,"$37,026",,"$24,585",,,
132709,Broward College,"Broward College
Address : 111 East Las Olas Blvd, Fort Lauderdale, Florida 33301",www.broward.edu,"$22,126",,"$8,626","$28,248","$14,748",
205647,Brown Mackie College-Akron,"Brown Mackie College-Akron
Address : 755 White Pond Dr., Suite 101, Akron, Ohio 44320",www.brownmackie.edu/locations/akron,"$25,802",,"$17,795",,,
460039,Brown Mackie College-Albuquerque,"Brown Mackie College-Albuquerque
Address : 10500 Cooper Ave NE, Albuquerque, New Mexico 87123",www.brownmackie.edu/,,,,,,
188517,Bryant & Stratton College-Albany,"Bryant &amp; Stratton College-Albany
Address : 1259 Central Ave, Albany, New York 12205",www.bryantstratton.edu/,"$23,592",,"$20,092",,,
189556,Bryant & Stratton College-Amherst,"Bryant &amp; Stratton College-Amherst
Address : 3650 Millersport Highway, Getzville, New York 14068",www.bryantstratton.edu,"$22,802",,"$19,302",,,
458502,Bryant & Stratton College-Bayshore,"Bryant &amp; Stratton College-Bayshore
Address : 500 Silverspring Rd Ste K340, Glendale, Wisconsin 53217",www.bryantstratton.edu,"$23,116",,"$19,616",,,
189583,Bryant & Stratton College-Buffalo,"Bryant &amp; Stratton College-Buffalo
Address : 465 Main Street, Suite 400, Buffalo, New York 14203",www.bryantstratton.edu,"$23,325",,"$19,825",,,
202684,Bryant & Stratton College-Cleveland,"Bryant &amp; Stratton College-Cleveland
Address : 3121 Euclid Avenue, Cleveland, Ohio 44115",www.bryantstratton.edu,"$23,698",,"$20,198",,,
369905,Bryant & Stratton College-Eastlake,"Bryant &amp; Stratton College-Eastlake
Address : 35350 Curtis Blvd., Eastlake, Ohio 44095",www.bryantstratton.edu,"$23,459",,"$19,959",,,
189592,Bryant & Stratton College-Greece,"Bryant &amp; Stratton College-Greece
Address : 854 Long Pond Road, Rochester, New York 14612",www.bryantstratton.edu,"$23,245",,"$19,745",,,
459107,Bryant & Stratton College-Hampton,"Bryant &amp; Stratton College-Hampton
Address : 4410 East Claiborne Square, Suite 233, Hampton, Virginia 23666",www.bryantstratton.edu,"$23,695",,"$20,195",,,
239929,Bryant & Stratton College-Milwaukee,"Bryant &amp; Stratton College-Milwaukee
Address : 310 W. Wisconsin Avenue Suite 500, Milwaukee, Wisconsin 53203-2608",www.bryantstratton.edu,"$23,066",,"$19,566",,,
480091,Bryant & Stratton College-Online,"Bryant &amp; Stratton College-Online
Address : 180 Redtail Rd, Orchard Park, New York 14127",www.bryantstratton.edu,"$19,454",,"$16,654",,,
201469,Bryant & Stratton College-Parma,"Bryant &amp; Stratton College-Parma
Address : 12955 Snow Rd, Parma, Ohio 44130-3151",www.bryantstratton.edu/,"$24,211",,"$20,711",,,
231828,Bryant & Stratton College-Richmond,"Bryant &amp; Stratton College-Richmond
Address : 8141 Hull St Rd, North Chesterfield, Virginia 23235",www.bryantstratton.edu,"$23,598",,"$20,098",,,
374972,Bryant & Stratton College-Southtowns,"Bryant &amp; Stratton College-Southtowns
Address : Sterling Park - 200 Redtail Rd., Orchard Park, New York 14127",www.bryantstratton.edu,"$23,257",,"$19,757",,,
189565,Bryant & Stratton College-Syracuse North,"Bryant &amp; Stratton College-Syracuse North
Address : 8687 Carling Rd, Liverpool, New York 13090",www.bryantstratton.edu/,"$22,437",,"$18,937",,,
231785,Bryant & Stratton College-Virginia Beach,"Bryant &amp; Stratton College-Virginia Beach
Address : 301 Centre Pointe Dr, Virginia Beach, Virginia 23462",www.bryantstratton.edu,"$23,848",,"$20,348",,,
451750,Bryant & Stratton College-Wauwatosa,"Bryant &amp; Stratton College-Wauwatosa
Address : 10950 W Potter Road, Wauwatosa, Wisconsin 53226",www.bryantstratton.edu,"$23,696",,"$20,196",,,
210492,Bryn Athyn College of the New Church,"Bryn Athyn College of the New Church
Address : 801 Tomlinson Rd, Bryn Athyn, Pennsylvania 19009-0717",www.brynathyn.edu,"$33,220",,,"$28,682","$21,682",
211273,Bryn Mawr College,"Bryn Mawr College
Address : 101 N Merion Avenue, Bryn Mawr, Pennsylvania 19010",www.brynmawr.edu,"$66,160",,,,,
211291,Bucknell University,"Bucknell University
Address : One Dent Drive, Lewisburg, Pennsylvania 17837",www.bucknell.edu,"$67,600",,,"$67,600","$54,944",
153001,Buena Vista University,"Buena Vista University
Address : 610 W 4th St, Storm Lake, Iowa 50588",www.bvu.edu,"$44,788",,,"$45,076","$37,336",
150163,Butler University,"Butler University
Address : 4600 Sunset Ave, Indianapolis, Indiana 46208",www.butler.edu,"$54,857",,,"$54,857","$41,910",
198109,Cabarrus College of Health Sciences,"Cabarrus College of Health Sciences
Address : 401 Medical Park Drive, Concord, North Carolina 28025-3959",www.carolinashealthcare.org/cabarrus-college-of-health-sciences,"$28,868",,"$19,268",,,
211352,Cabrini University,"Cabrini University
Address : 610 King of Prussia Rd, Radnor, Pennsylvania 19087-3698",www.cabrini.edu,"$45,988",,,"$43,488","$35,988",
215114,Cairn University-Langhorne,"Cairn University-Langhorne
Address : 200 Manor Ave, Langhorne, Pennsylvania 19047-2990",www.cairn.edu,"$37,865",,,"$38,672","$28,282",
183910,Caldwell University,"Caldwell University
Address : 120 Bloomfield Avenue, Caldwell, New Jersey 07006-6195",www.caldwell.edu,"$48,690",,,"$52,050","$38,650",
110361,California Baptist University,"California Baptist University
Address : 8432 Magnolia Ave, Riverside, California 92504-3297",www.calbaptist.edu,"$44,538",,,"$49,690","$37,444",
110918,California Christian College,"California Christian College
Address : 5364 E. Belmont Avenue, Fresno, California 93727",www.calchristiancollege.edu,"$20,895",,,"$25,890","$14,145",
110370,California College of the Arts,"California College of the Arts
Address : 1111 Eighth Street, San Francisco, California 94107-2247",www.cca.edu,"$62,636",,,"$61,796","$51,366",
485263,California College San Diego,"California College San Diego
Address : 6602 Convoy Court Ste 100, San Diego, California 92111",www.cc-sd.edu,"$33,960",,"$28,352",,,
478634,California College San Diego,"California College San Diego
Address : 277 Rancheros Drive, Suite 200, San Marcos, California 92069-2971",www.cc-sd.edu,"$33,960",,"$28,352",,,
110316,California Institute of Integral Studies,"California Institute of Integral Studies
Address : 1453 Mission Street, San Francisco, California 94103",www.ciis.edu,,,,,,
110404,California Institute of Technology,"California Institute of Technology
Address : 1200 E California Blvd, Pasadena, California 91125",www.caltech.edu,"$66,774",,,"$65,550","$53,184",
111081,California Institute of the Arts,"California Institute of the Arts
Address : 24700 W McBean Pky, Valencia, California 91355-2397",www.calarts.edu,"$66,799",,,"$71,436","$55,436",
485546,California Intercontinental University,"California Intercontinental University
Address : 17310 Red Hill Ave. Suite 200, Irvine, California 92614-5636",www.caluniversity.edu,"$16,154",,"$9,777",,,
483586,California International Business University,"California International Business University
Address : 550 West B Street, San Diego, California 92101",www.cibu.edu,"$27,700",,"$14,200",,,
486488,California Jazz Conservatory,"California Jazz Conservatory
Address : 2087 Addison Street, Berkeley, California 94704-1268",www.cjc.edu,"$35,301",,"$23,448",,,
110413,California Lutheran University,"California Lutheran University
Address : 60 W Olsen Rd, Thousand Oaks, California 91360-2787",www.callutheran.edu/,"$57,912",,,"$58,334","$45,968",
480781,California Miramar University,"California Miramar University
Address : 3550 Camino Del Rio North, Suite 208, San Diego, California 92108",www.calmu.edu,"$24,551",,"$13,679",,,
110422,California Polytechnic State University-San Luis Obispo,"California Polytechnic State University-San Luis Obispo
Address : 1 Grand Ave., San Luis Obispo, California 93407",calpoly.edu,"$26,076","$26,076","$13,569","$37,236","$37,236","$24,729"
110529,California State Polytechnic University-Pomona,"California State Polytechnic University-Pomona
Address : 3801 West Temple Avenue, Pomona, California 91768",www.cpp.edu,"$25,547","$24,021","$11,433","$36,707","$35,181","$22,593"
111188,California State University Maritime Academy,"California State University Maritime Academy
Address : 200 Maritime Academy Dr, Vallejo, California 94590",www.csum.edu,"$22,367","$23,086","$10,967","$33,527","$34,246","$22,127"
110486,California State University-Bakersfield,"California State University-Bakersfield
Address : 9001 Stockdale Hwy, Bakersfield, California 93311-1099",www.csub.edu,"$25,577","$25,459","$11,719","$36,737","$36,619","$22,879"
441937,California State University-Channel Islands,"California State University-Channel Islands
Address : One University Dr, Camarillo, California 93012",www.csuci.edu,"$27,445","$25,251","$11,409","$38,605","$36,411","$22,569"
110538,California State University-Chico,"California State University-Chico
Address : First and Normal Sts, Chico, California 95929-0150",www.csuchico.edu,"$23,846","$22,670","$11,310","$35,006","$33,830","$22,470"
110547,California State University-Dominguez Hills,"California State University-Dominguez Hills
Address : 1000 E Victoria St, Carson, California 90747-0005",www.csudh.edu,"$23,225","$23,945","$11,057","$34,385","$35,105","$22,217"
110574,California State University-East Bay,"California State University-East Bay
Address : 25800 Carlos Bee Blvd, Hayward, California 94542",www.csueastbay.edu,"$24,822","$24,654","$10,770","$35,982","$35,814","$21,930"
110556,California State University-Fresno,"California State University-Fresno
Address : 5241 N Maple Ave, Fresno, California 93740",www.csufresno.edu,"$19,745","$23,255","$10,629","$30,905","$34,415","$21,789"
110565,California State University-Fullerton,"California State University-Fullerton
Address : 800 N State College Blvd, Fullerton, California 92831-3599",www.fullerton.edu,"$26,654","$25,264","$11,382","$37,814","$36,424","$22,542"
110583,California State University-Long Beach,"California State University-Long Beach
Address : 1250 Bellflower Blvd, Long Beach, California 90840-0115",www.csulb.edu,"$23,610","$24,202","$11,322","$34,770","$35,362","$22,482"
110592,California State University-Los Angeles,"California State University-Los Angeles
Address : 5151 State University Dr, Los Angeles, California 90032-8506",www.calstatela.edu,"$23,995","$25,087","$11,245","$35,155","$36,247","$22,405"
409698,California State University-Monterey Bay,"California State University-Monterey Bay
Address : 100 Campus Center, Seaside, California 93955-8001",www.csumb.edu,"$21,678","$26,093","$10,683","$32,838","$37,253","$21,843"
110617,California State University-Sacramento,"California State University-Sacramento
Address : 6000 J St, Sacramento, California 95819-2694",www.csus.edu,"$24,862","$23,842","$11,216","$36,022","$35,002","$22,376"
110510,California State University-San Bernardino,"California State University-San Bernardino
Address : 5500 University Parkway, San Bernardino, California 92407-2397",www.csusb.edu,"$23,620","$24,829","$10,924","$34,780","$35,989","$22,084"
366711,California State University-San Marcos,"California State University-San Marcos
Address : 333 S Twin Oaks Valley Rd, San Marcos, California 92096-0001",www.csusm.edu,"$24,641","$24,641","$11,671","$35,801","$35,801","$22,831"
110495,California State University-Stanislaus,"California State University-Stanislaus
Address : One University Circle, Turlock, California 95382-0299",www.csustan.edu,"$19,826","$21,644","$10,744","$30,986","$32,804","$21,904"
460075,California University of Management and Sciences,"California University of Management and Sciences
Address : 721 N Euclid St, Anaheim, California 92801",www.calums.edu,"$24,645",,"$13,845",,,
211361,California University of Pennsylvania,"California University of Pennsylvania
Address : 250 University Ave, California, Pennsylvania 15419-1394",www.calu.edu,"$25,775","$26,213","$17,589","$30,109","$30,547","$21,923"
150172,Calumet College of Saint Joseph,"Calumet College of Saint Joseph
Address : 2400 New York Ave, Whiting, Indiana 46394",www.ccsj.edu,"$27,020",,"$21,870",,,
176789,Calvary University,"Calvary University
Address : 15800 Calvary Road, Kansas City, Missouri 64147-1341",www.calvary.edu,"$19,234",,,"$28,351","$17,568",
169080,Calvin College,"Calvin College
Address : 3201 Burton Street SE, Grand Rapids, Michigan 49546",www.calvin.edu,"$45,270",,,"$45,270","$36,230",
165167,Cambridge College,"Cambridge College
Address : 1000 Massachusetts Avenue, Cambridge, Massachusetts 02138",www.cambridgecollege.edu,"$26,636",,"$18,636",,,
206914,Cameron University,"Cameron University
Address : 2800 West Gore Blvd, Lawton, Oklahoma 73505-6377",www.cameron.edu,"$15,331","$19,620","$11,308","$24,571","$28,860","$20,548"
198136,Campbell University,"Campbell University
Address : 143 Main Street, Buies Creek, North Carolina 27506",www.campbell.edu,"$46,410",,,"$46,410","$34,950",
156365,Campbellsville University,"Campbellsville University
Address : 1 University Dr, Campbellsville, Kentucky 42718-2799",www.campbellsville.edu,"$38,272",,,"$35,446","$31,846",
189705,Canisius College,"Canisius College
Address : 2001 Main St, Buffalo, New York 14208-1098",www.canisius.edu,"$50,946",,,"$45,924","$37,924",
413413,Capella University,"Capella University
Address : 225 South 6th Street, 9th Floor, Minneapolis, Minnesota 55402-3389",www.capella.edu,"$19,836",,"$15,714",,,
201548,Capital University,"Capital University
Address : 1 College and Main, Columbus, Ohio 43209-2394",www.capital.edu,"$47,140",,,"$50,990","$40,034",
162061,Capitol Technology University,"Capitol Technology University
Address : 11301 Springfield Rd, Laurel, Maryland 20708",www.captechu.edu,"$41,196",,,"$43,044","$28,572",
238430,Cardinal Stritch University,"Cardinal Stritch University
Address : 6801 N Yates Rd, Milwaukee, Wisconsin 53217-3985",www.stritch.edu,"$41,844",,,"$40,761","$34,244",
448239,Careers Unlimited,"Careers Unlimited
Address : 1176 South 1480 West, Orem, Utah 84058",www.ucdh.edu,,,,,,
241377,Caribbean University-Bayamon,"Caribbean University-Bayamon
Address : 167 Ave.  Km 21.2, Bayamon, Puerto Rico 00960-0493",www.caribbean.edu,"$14,103",,"$8,156",,,
241386,Caribbean University-Carolina,"Caribbean University-Carolina
Address : Calle Ignacio Arzuaga #208, Carolina, Puerto Rico 00985",www.caribbean.edu,"$14,103",,"$8,156",,,
363907,Caribbean University-Ponce,"Caribbean University-Ponce
Address : AVE. EDNITA NAZARIO #1015, Ponce, Puerto Rico 00716-7733",www.caribbean.edu,"$14,103",,"$8,156",,,
363916,Caribbean University-Vega Baja,"Caribbean University-Vega Baja
Address : Carr 671 K.M. 5, Sector El Criollo, Bo. Algarrobo, Vega Baja, Puerto Rico 00964",www.caribbean.edu,"$14,103",,"$8,156",,,
173258,Carleton College,"Carleton College
Address : One North College Street, Northfield, Minnesota 55057-4001",www.carleton.edu,"$66,490",,,,,
132842,Carlos Albizu University-Miami,"Carlos Albizu University-Miami
Address : 2173 N.W.  99th Avenue, Miami, Florida 33172-2209",www.albizu.edu,"$49,902",,"$24,819",,,
241331,Carlos Albizu University-San Juan,"Carlos Albizu University-San Juan
Address : 151 Tanca St, Corner San Francisco St, Old San Juan, San Juan, Puerto Rico 00902-3711",www.albizu.edu,"$28,362",,"$15,291",,,
211431,Carlow University,"Carlow University
Address : 3333 Fifth Ave, Pittsburgh, Pennsylvania 15213-3165",www.carlow.edu,"$41,650",,,"$41,650","$30,866",
211440,Carnegie Mellon University,"Carnegie Mellon University
Address : 5000 Forbes Avenue, Pittsburgh, Pennsylvania 15213-3890",www.cmu.edu/,"$67,980",,"$54,710",,,
199971,Carolina Christian College,"Carolina Christian College
Address : 4209 Indiana Avenue, Winston Salem, North Carolina 27105",www.carolina.edu,"$13,408",,"$7,551",,,
110617,California State University-Sacramento,"California State University-Sacramento
Address : 6000 J St, Sacramento, California 95819-2694",www.csus.edu,"$24,862","$23,842","$11,216","$36,022","$35,002","$22,376"
110510,California State University-San Bernardino,"California State University-San Bernardino
Address : 5500 University Parkway, San Bernardino, California 92407-2397",www.csusb.edu,"$23,620","$24,829","$10,924","$34,780","$35,989","$22,084"
366711,California State University-San Marcos,"California State University-San Marcos
Address : 333 S Twin Oaks Valley Rd, San Marcos, California 92096-0001",www.csusm.edu,"$24,641","$24,641","$11,671","$35,801","$35,801","$22,831"
110495,California State University-Stanislaus,"California State University-Stanislaus
Address : One University Circle, Turlock, California 95382-0299",www.csustan.edu,"$19,826","$21,644","$10,744","$30,986","$32,804","$21,904"
460075,California University of Management and Sciences,"California University of Management and Sciences
Address : 721 N Euclid St, Anaheim, California 92801",www.calums.edu,"$24,645",,"$13,845",,,
211361,California University of Pennsylvania,"California University of Pennsylvania
Address : 250 University Ave, California, Pennsylvania 15419-1394",www.calu.edu,"$25,775","$26,213","$17,589","$30,109","$30,547","$21,923"
150172,Calumet College of Saint Joseph,"Calumet College of Saint Joseph
Address : 2400 New York Ave, Whiting, Indiana 46394",www.ccsj.edu,"$27,020",,"$21,870",,,
176789,Calvary University,"Calvary University
Address : 15800 Calvary Road, Kansas City, Missouri 64147-1341",www.calvary.edu,"$19,234",,,"$28,351","$17,568",
169080,Calvin College,"Calvin College
Address : 3201 Burton Street SE, Grand Rapids, Michigan 49546",www.calvin.edu,"$45,270",,,"$45,270","$36,230",
165167,Cambridge College,"Cambridge College
Address : 1000 Massachusetts Avenue, Cambridge, Massachusetts 02138",www.cambridgecollege.edu,"$26,636",,"$18,636",,,
206914,Cameron University,"Cameron University
Address : 2800 West Gore Blvd, Lawton, Oklahoma 73505-6377",www.cameron.edu,"$15,331","$19,620","$11,308","$24,571","$28,860","$20,548"
198136,Campbell University,"Campbell University
Address : 143 Main Street, Buies Creek, North Carolina 27506",www.campbell.edu,"$46,410",,,"$46,410","$34,950",
156365,Campbellsville University,"Campbellsville University
Address : 1 University Dr, Campbellsville, Kentucky 42718-2799",www.campbellsville.edu,"$38,272",,,"$35,446","$31,846",
189705,Canisius College,"Canisius College
Address : 2001 Main St, Buffalo, New York 14208-1098",www.canisius.edu,"$50,946",,,"$45,924","$37,924",
413413,Capella University,"Capella University
Address : 225 South 6th Street, 9th Floor, Minneapolis, Minnesota 55402-3389",www.capella.edu,"$19,836",,"$15,714",,,
201548,Capital University,"Capital University
Address : 1 College and Main, Columbus, Ohio 43209-2394",www.capital.edu,"$47,140",,,"$50,990","$40,034",
162061,Capitol Technology University,"Capitol Technology University
Address : 11301 Springfield Rd, Laurel, Maryland 20708",www.captechu.edu,"$41,196",,,"$43,044","$28,572",
238430,Cardinal Stritch University,"Cardinal Stritch University
Address : 6801 N Yates Rd, Milwaukee, Wisconsin 53217-3985",www.stritch.edu,"$41,844",,,"$40,761","$34,244",
448239,Careers Unlimited,"Careers Unlimited
Address : 1176 South 1480 West, Orem, Utah 84058",www.ucdh.edu,,,,,,
241377,Caribbean University-Bayamon,"Caribbean University-Bayamon
Address : 167 Ave.  Km 21.2, Bayamon, Puerto Rico 00960-0493",www.caribbean.edu,"$14,103",,"$8,156",,,
241386,Caribbean University-Carolina,"Caribbean University-Carolina
Address : Calle Ignacio Arzuaga #208, Carolina, Puerto Rico 00985",www.caribbean.edu,"$14,103",,"$8,156",,,
363907,Caribbean University-Ponce,"Caribbean University-Ponce
Address : AVE. EDNITA NAZARIO #1015, Ponce, Puerto Rico 00716-7733",www.caribbean.edu,"$14,103",,"$8,156",,,
363916,Caribbean University-Vega Baja,"Caribbean University-Vega Baja
Address : Carr 671 K.M. 5, Sector El Criollo, Bo. Algarrobo, Vega Baja, Puerto Rico 00964",www.caribbean.edu,"$14,103",,"$8,156",,,
173258,Carleton College,"Carleton College
Address : One North College Street, Northfield, Minnesota 55057-4001",www.carleton.edu,"$66,490",,,,,
132842,Carlos Albizu University-Miami,"Carlos Albizu University-Miami
Address : 2173 N.W.  99th Avenue, Miami, Florida 33172-2209",www.albizu.edu,"$49,902",,"$24,819",,,
241331,Carlos Albizu University-San Juan,"Carlos Albizu University-San Juan
Address : 151 Tanca St, Corner San Francisco St, Old San Juan, San Juan, Puerto Rico 00902-3711",www.albizu.edu,"$28,362",,"$15,291",,,
211431,Carlow University,"Carlow University
Address : 3333 Fifth Ave, Pittsburgh, Pennsylvania 15213-3165",www.carlow.edu,"$41,650",,,"$41,650","$30,866",
211440,Carnegie Mellon University,"Carnegie Mellon University
Address : 5000 Forbes Avenue, Pittsburgh, Pennsylvania 15213-3890",www.cmu.edu/,"$67,980",,"$54,710",,,
199971,Carolina Christian College,"Carolina Christian College
Address : 4209 Indiana Avenue, Winston Salem, North Carolina 27105",www.carolina.edu,"$13,408",,"$7,551",,,
461032,Carolina College of Biblical Studies,"Carolina College of Biblical Studies
Address : 817 South McPherson Church Road, Fayetteville, North Carolina 28303-5157",ccbs.edu,"$21,300",,"$6,625",,,
180106,Carroll College,"Carroll College
Address : 1601 N Benton Ave, Helena, Montana 59625-0002",www.carroll.edu,"$47,226",,,"$47,226","$37,642",
238458,Carroll University,"Carroll University
Address : 100 N East Ave, Waukesha, Wisconsin 53186",www.carrollu.edu,"$43,132",,,"$42,974","$35,160",
219806,Carson-Newman University,"Carson-Newman University
Address : 1646 S Russell Ave, Jefferson City, Tennessee 37760",www.cn.edu,"$39,760",,,"$38,672","$32,764",
238476,Carthage College,"Carthage College
Address : 2001 Alford Park Dr, Kenosha, Wisconsin 53140-1994",www.carthage.edu,"$54,940",,,"$54,940","$43,965",
139287,Carver Bible College,"Carver Bible College
Address : 3870 Cascade Rd, Atlanta, Georgia 30331",www.carver.edu,"$22,513",,,"$23,519","$16,919",
201645,Case Western Reserve University,"Case Western Reserve University
Address : 10900 Euclid Ave, Cleveland, Ohio 44106",www.case.edu,"$63,404",,,"$63,404","$51,726",
230834,Castleton University,"Castleton University
Address : 62 Alumni Dr, Castleton, Vermont 05735",www.castleton.edu,"$23,706","$23,834","$17,704","$39,114","$39,242","$33,112"
198215,Catawba College,"Catawba College
Address : 2300 W Innes St, Salisbury, North Carolina 28144",www.catawba.edu,"$44,333",,,"$42,001","$33,846",
475398,Catholic Distance University,"Catholic Distance University
Address : 115 West Congress Street, Charles Town, West Virginia 25414",www.cdu.edu,"$20,052",,"$12,875",,,
131283,Catholic University of America,"Catholic University of America
Address : 620 Michigan Avenue, NE, Washington, District of Columbia 20064",www.cua.edu,"$60,462",,,"$60,462","$46,642",
189848,Cazenovia College,"Cazenovia College
Address : 22 Sullivan St, Cazenovia, New York 13035",www.cazenovia.edu,"$48,820",,,"$48,820","$35,024",
211468,Cedar Crest College,"Cedar Crest College
Address : 100 College Drive, Allentown, Pennsylvania 18104-6196",www.cedarcrest.edu,"$50,108",,,"$49,758","$40,325",
201654,Cedarville University,"Cedarville University
Address : 251 N. Main Street, Cedarville, Ohio 45314-0601",www.cedarville.edu,"$37,890",,,"$36,210","$31,010",
238476,Carthage College,"Carthage College
Address : 2001 Alford Park Dr, Kenosha, Wisconsin 53140-1994",www.carthage.edu,"$54,940",,,"$54,940","$43,965",
139287,Carver Bible College,"Carver Bible College
Address : 3870 Cascade Rd, Atlanta, Georgia 30331",www.carver.edu,"$22,513",,,"$23,519","$16,919",
201645,Case Western Reserve University,"Case Western Reserve University
Address : 10900 Euclid Ave, Cleveland, Ohio 44106",www.case.edu,"$63,404",,,"$63,404","$51,726",
230834,Castleton University,"Castleton University
Address : 62 Alumni Dr, Castleton, Vermont 05735",www.castleton.edu,"$23,706","$23,834","$17,704","$39,114","$39,242","$33,112"
198215,Catawba College,"Catawba College
Address : 2300 W Innes St, Salisbury, North Carolina 28144",www.catawba.edu,"$44,333",,,"$42,001","$33,846",
475398,Catholic Distance University,"Catholic Distance University
Address : 115 West Congress Street, Charles Town, West Virginia 25414",www.cdu.edu,"$20,052",,"$12,875",,,
131283,Catholic University of America,"Catholic University of America
Address : 620 Michigan Avenue, NE, Washington, District of Columbia 20064",www.cua.edu,"$60,462",,,"$60,462","$46,642",
189848,Cazenovia College,"Cazenovia College
Address : 22 Sullivan St, Cazenovia, New York 13035",www.cazenovia.edu,"$48,820",,,"$48,820","$35,024",
211468,Cedar Crest College,"Cedar Crest College
Address : 100 College Drive, Allentown, Pennsylvania 18104-6196",www.cedarcrest.edu,"$50,108",,,"$49,758","$40,325",
201654,Cedarville University,"Cedarville University
Address : 251 N. Main Street, Cedarville, Ohio 45314-0601",www.cedarville.edu,"$37,890",,,"$36,210","$31,010",
158477,Centenary College of Louisiana,"Centenary College of Louisiana
Address : 2911 Centenary Boulevard, Shreveport, Louisiana 71134-1188",www.centenary.edu,"$52,000",,,"$49,030","$40,030",
183974,Centenary University,"Centenary University
Address : 400 Jefferson St, Hackettstown, New Jersey 07840",www.centenarycollege.edu,"$47,717",,,"$48,313","$37,419",
106713,Central Baptist College,"Central Baptist College
Address : 1501 College Avenue, Conway, Arkansas 72034",www.cbc.edu,"$26,104",,,"$23,966","$18,890",
154855,Central Christian College of Kansas,"Central Christian College of Kansas
Address : 1200 S Main, McPherson, Kansas 67460-5740",www.centralchristian.edu,"$28,370",,,"$29,620","$21,820",
176910,Central Christian College of the Bible,"Central Christian College of the Bible
Address : 911 E Urbandale Dr, Moberly, Missouri 65270-1997",www.cccb.edu,"$24,210",,,"$26,759","$18,585",
153108,Central College,"Central College
Address : 812 University, Pella, Iowa 50219",www.central.edu,"$49,214",,,"$49,214","$39,234",
128771,Central Connecticut State University,"Central Connecticut State University
Address : 1615 Stanley St, New Britain, Connecticut 06050",www.ccsu.edu,"$25,215","$25,215","$15,323","$38,076","$38,076","$28,184"
445267,Central Methodist University-College of Graduate and Extended Studies,"Central Methodist University-College of Graduate and Extended Studies
Address : 411 Central Methodist Square, Fayette, Missouri 65248-1198",www.centralmethodist.edu,"$18,080",,"$11,600",,,
176947,Central Methodist University-College of Liberal Arts and Sciences,"Central Methodist University-College of Liberal Arts and Sciences
Address : 411 Central Methodist Square, Fayette, Missouri 65248-1198",www.centralmethodist.edu/,"$36,760",,,"$33,630","$29,210",
169248,Central Michigan University,"Central Michigan University
Address : 106 Warriner Hall, Mount Pleasant, Michigan 48859",www.cmich.edu,"$23,494","$21,434","$14,088","$35,014","$32,954","$25,608"
211477,Central Penn College,"Central Penn College
Address : College Hill &amp; Valley Rds, Summerdale, Pennsylvania 17093-0309",www.centralpenn.edu,"$27,144",,,"$23,846","$20,346",
201690,Central State University,"Central State University
Address : 1400 Brush Row Rd, Wilberforce, Ohio 45384-1004",www.centralstate.edu,"$18,880","$19,780","$9,846","$20,730","$21,630","$11,696"
234827,Central Washington University,"Central Washington University
Address : 400 East University Way, Ellensburg, Washington 98926-7501",www.cwu.edu,"$21,908","$21,908","$11,733","$35,711","$35,711","$25,536"
488004,Central Yeshiva Beth Joseph,"Central Yeshiva Beth Joseph
Address : 1502 Avenue N, Brooklyn, New York 11230-6043",centralyeshivabethjoseph.com,"$28,474",,"$16,800",,,
189857,Central Yeshiva Tomchei Tmimim Lubavitz,"Central Yeshiva Tomchei Tmimim Lubavitz
Address : 841-853 Ocean Pky, Brooklyn, New York 11230",centralyeshiva.com,"$13,200",,,"$24,174","$12,500",
234845,Centralia College,"Centralia College
Address : 600 Centralia College Blvd., Centralia, Washington 98531-4099",www.centralia.edu,"$18,564","$18,564","$7,963","$18,976","$18,976","$8,375"
156408,Centre College,"Centre College
Address : 625 W Walnut St, Danville, Kentucky 40422-1394",www.centre.edu,"$52,460",,,"$50,310","$41,700",
451741,Centro de Estudios Multidisciplinarios-Bayamon,"Centro de Estudios Multidisciplinarios-Bayamon
Address : 25 Degetau St, Bayamn, Puerto Rico 00961",www.cempr.edu,"$14,815",,"$10,961",,,
376224,Centro de Estudios Multidisciplinarios-Humacao,"Centro de Estudios Multidisciplinarios-Humacao
Address : 8 Dr Vidal St, Humacao, Puerto Rico 00791-4210",www.cempr.edu,"$14,815",,"$10,961",,,
484835,Centro de Estudios Multidisciplinarios-Mayaguez,"Centro de Estudios Multidisciplinarios-Mayaguez
Address : Calle Cristy #56, Mayaguez, Puerto Rico 00680-0000",cempr.edu/,"$14,815",,"$10,961",,,
241517,Centro de Estudios Multidisciplinarios-San Juan,"Centro de Estudios Multidisciplinarios-San Juan
Address : 1206  13th. Street  Ext San Agustin, San Juan, Puerto Rico 00926-1931",www.cempr.edu,"$14,815",,"$10,961",,,
232016,Centura College-Virginia Beach,"Centura College-Virginia Beach
Address : 2697 Dean Dr Ste 100, Virginia Beach, Virginia 23452-7431",www.centuracollege.edu,"$32,250",,"$22,764",,,
180948,Chadron State College,"Chadron State College
Address : 1000 Main St, Chadron, Nebraska 69337-2690",www.csc.edu,"$20,098","$20,098","$10,054","$20,128","$20,128","$10,084"
454245,Chamberlain College of Nursing-Arizona,"Chamberlain College of Nursing-Arizona
Address : 2149 West Dunlap Ave., Phoenix, Arizona 85021",www.chamberlain.edu,"$38,270",,"$25,746",,,
489353,Chamberlain College of Nursing-California,"Chamberlain College of Nursing-California
Address : 109 Sun Center Drive, Rancho Cordova, California 95670",www.chamberlain.edu,"$38,270",,"$25,746",,,
457129,Chamberlain College of Nursing-Florida,"Chamberlain College of Nursing-Florida
Address : 5200 Belfort Road, Suite 100, Jacksonville, Florida 32256",www.chamberlain.edu,"$36,654",,"$25,746",,,
475732,Chamberlain College of Nursing-Georgia,"Chamberlain College of Nursing-Georgia
Address : 5775 Peachtree Dunwoody Road, NE, Suite A100, Atlanta, Georgia 30342-1501",www.chamberlain.edu,"$36,654",,"$25,746",,,
454227,Chamberlain College of Nursing-Illinois,"Chamberlain College of Nursing-Illinois
Address : 1221 N. Swift Road, Addison, Illinois 60101",www.chamberlain.edu,"$36,654",,"$25,746",,,
475741,Chamberlain College of Nursing-Indiana,"Chamberlain College of Nursing-Indiana
Address : 9100 Keystone Crossing, Suite 600, Indianapolis, Indiana 46240",www.chamberlain.edu,"$36,654",,"$25,746",,,
486947,Chamberlain College of Nursing-Michigan,"Chamberlain College of Nursing-Michigan
Address : 200 Kirts Boulevard, Suite C, Troy, Michigan 48084-5286",www.chamberlain.edu,"$36,654",,"$25,746",,,
486938,Chamberlain College of Nursing-Nevada,"Chamberlain College of Nursing-Nevada
Address : 9901 Covington Cross Drive, Las Vegas, Nevada 89144-6595",www.chamberlain.edu,"$38,270",,"$25,746",,,
486956,Chamberlain College of Nursing-New Jersey,"Chamberlain College of Nursing-New Jersey
Address : 630 U.S. Highway One, North Brunswick, New Jersey 08902-3492",www.chamberlain.edu,"$38,270",,"$25,746",,,
489344,Chamberlain College of Nursing-North Carolina,"Chamberlain College of Nursing-North Carolina
Address : 2015 Ayrsley Town Boulevard, Suite 204, Charlotte, North Carolina 28273",www.chamberlain.edu,"$36,654",,"$25,746",,,
454236,Chamberlain College of Nursing-Ohio,"Chamberlain College of Nursing-Ohio
Address : 1350 Alum Creek Drive, Columbus, Ohio 43209",www.chamberlain.edu,"$36,654",,"$25,746",,,
466930,Chamberlain College of Nursing-Texas,"Chamberlain College of Nursing-Texas
Address : 11025 Equity Drive, Houston, Texas 77041",www.chamberlain.edu,"$36,654",,"$25,746",,,
460871,Chamberlain College of Nursing-Virginia,"Chamberlain College of Nursing-Virginia
Address : 2450 Crystal Drive, Arlington, Virginia 22202",www.chamberlain.edu,"$38,270",,"$25,746",,,
141486,Chaminade University of Honolulu,"Chaminade University of Honolulu
Address : 3140 Waialae Avenue, Honolulu, Hawaii 96816-1578",www.chaminade.edu,"$39,845",,,"$39,633","$27,155",
230852,Champlain College,"Champlain College
Address : 163 S Willard St, Burlington, Vermont 05401",www.champlain.edu,"$56,306",,,"$52,410","$41,834",
111948,Chapman University,"Chapman University
Address : One University Dr., Orange, California 92866",www.chapman.edu,"$66,578",,,"$66,578","$54,310",
111966,Charles R Drew University of Medicine and Science,"Charles R Drew University of Medicine and Science
Address : 1731 E 120th St, Los Angeles, California 90059",www.cdrewu.edu,"$31,267",,"$18,773",,,
217688,Charleston Southern University,"Charleston Southern University
Address : 9200 University Blvd, Charleston, South Carolina 29406-9121",www.csuniv.edu,"$38,740",,,"$38,190","$29,140",
444778,Charlotte Christian College and Theological Seminary,"Charlotte Christian College and Theological Seminary
Address : 3117 Whiting Ave, Charlotte, North Carolina 28205-1648",www.charlottechristian.edu,"$27,155",,"$15,920",,,
102845,Charter College,"Charter College
Address : 17200 S.E. Mill Plain Boulevard, Suite 100, Vancouver, Washington 98683-7575",www.chartercollege.edu,"$36,339",,"$29,546",,,
128780,Charter Oak State College,"Charter Oak State College
Address : 55 Paul Manafort Drive, New Britain, Connecticut 06053",www.charteroak.edu,"$24,213",,"$15,957","$26,571","$18,315",
211556,Chatham University,"Chatham University
Address : Woodland Rd, Pittsburgh, Pennsylvania 15232",www.chatham.edu,"$49,517",,,"$51,017","$39,975",
211583,Chestnut Hill College,"Chestnut Hill College
Address : 9601 Germantown Ave, Philadelphia, Pennsylvania 19118-2693",www.chc.edu,"$49,755",,,"$49,351","$39,455",
211608,Cheyney University of Pennsylvania,"Cheyney University of Pennsylvania
Address : 1837 University Circle, Cheyney, Pennsylvania 19319-0200",www.cheyney.edu,"$27,558","$25,574","$16,606","$33,654","$31,670","$22,702"
144005,Chicago State University,"Chicago State University
Address : 9501 S. King Drive, Chicago, Illinois 60628-1598",www.csu.edu,"$24,891","$24,891","$16,167","$31,851","$31,851","$23,127"
133021,Chipola College,"Chipola College
Address : 3094 Indian Circle, Marianna, Florida 32446-2053",www.chipola.edu,"$11,415","$13,656","$8,268","$17,245","$19,486","$14,098"
198303,Chowan University,"Chowan University
Address : One University Place, Murfreesboro, North Carolina 27855",www.chowan.edu/,"$35,544",,,"$35,544","$26,594",
219833,Christian Brothers University,"Christian Brothers University
Address : 650 East Parkway South, Memphis, Tennessee 38104",www.cbu.edu,"$43,276",,,"$43,276","$34,576",
260947,Christian Life College,"Christian Life College
Address : 400 E Gregory St, Mount Prospect, Illinois 60056-2522",www.christianlifecollege.edu,"$19,713",,,"$27,745","$16,005",
231712,Christopher Newport University,"Christopher Newport University
Address : 1 Avenue of the Arts, Newport News, Virginia 23606-3072",cnu.edu/,"$28,756","$29,934","$18,382","$40,382","$41,560","$30,008"
201858,Cincinnati Christian University,"Cincinnati Christian University
Address : 2700 Glenway Ave, Cincinnati, Ohio 45204-3200",www.ccuniversity.edu,"$30,746",,,"$32,287","$22,886",
201867,Cincinnati College of Mortuary Science,"Cincinnati College of Mortuary Science
Address : 645 W North Bend Rd, Cincinnati, Ohio 45224-1462",www.ccms.edu,"$37,970",,"$30,245",,,
486938,Chamberlain College of Nursing-Nevada,"Chamberlain College of Nursing-Nevada
Address : 9901 Covington Cross Drive, Las Vegas, Nevada 89144-6595",www.chamberlain.edu,"$38,270",,"$25,746",,,
486956,Chamberlain College of Nursing-New Jersey,"Chamberlain College of Nursing-New Jersey
Address : 630 U.S. Highway One, North Brunswick, New Jersey 08902-3492",www.chamberlain.edu,"$38,270",,"$25,746",,,
489344,Chamberlain College of Nursing-North Carolina,"Chamberlain College of Nursing-North Carolina
Address : 2015 Ayrsley Town Boulevard, Suite 204, Charlotte, North Carolina 28273",www.chamberlain.edu,"$36,654",,"$25,746",,,
454236,Chamberlain College of Nursing-Ohio,"Chamberlain College of Nursing-Ohio
Address : 1350 Alum Creek Drive, Columbus, Ohio 43209",www.chamberlain.edu,"$36,654",,"$25,746",,,
466930,Chamberlain College of Nursing-Texas,"Chamberlain College of Nursing-Texas
Address : 11025 Equity Drive, Houston, Texas 77041",www.chamberlain.edu,"$36,654",,"$25,746",,,
460871,Chamberlain College of Nursing-Virginia,"Chamberlain College of Nursing-Virginia
Address : 2450 Crystal Drive, Arlington, Virginia 22202",www.chamberlain.edu,"$38,270",,"$25,746",,,
141486,Chaminade University of Honolulu,"Chaminade University of Honolulu
Address : 3140 Waialae Avenue, Honolulu, Hawaii 96816-1578",www.chaminade.edu,"$39,845",,,"$39,633","$27,155",
230852,Champlain College,"Champlain College
Address : 163 S Willard St, Burlington, Vermont 05401",www.champlain.edu,"$56,306",,,"$52,410","$41,834",
111948,Chapman University,"Chapman University
Address : One University Dr., Orange, California 92866",www.chapman.edu,"$66,578",,,"$66,578","$54,310",
111966,Charles R Drew University of Medicine and Science,"Charles R Drew University of Medicine and Science
Address : 1731 E 120th St, Los Angeles, California 90059",www.cdrewu.edu,"$31,267",,"$18,773",,,
217688,Charleston Southern University,"Charleston Southern University
Address : 9200 University Blvd, Charleston, South Carolina 29406-9121",www.csuniv.edu,"$38,740",,,"$38,190","$29,140",
444778,Charlotte Christian College and Theological Seminary,"Charlotte Christian College and Theological Seminary
Address : 3117 Whiting Ave, Charlotte, North Carolina 28205-1648",www.charlottechristian.edu,"$27,155",,"$15,920",,,
102845,Charter College,"Charter College
Address : 17200 S.E. Mill Plain Boulevard, Suite 100, Vancouver, Washington 98683-7575",www.chartercollege.edu,"$36,339",,"$29,546",,,
128780,Charter Oak State College,"Charter Oak State College
Address : 55 Paul Manafort Drive, New Britain, Connecticut 06053",www.charteroak.edu,"$24,213",,"$15,957","$26,571","$18,315",
211556,Chatham University,"Chatham University
Address : Woodland Rd, Pittsburgh, Pennsylvania 15232",www.chatham.edu,"$49,517",,,"$51,017","$39,975",
211583,Chestnut Hill College,"Chestnut Hill College
Address : 9601 Germantown Ave, Philadelphia, Pennsylvania 19118-2693",www.chc.edu,"$49,755",,,"$49,351","$39,455",
211608,Cheyney University of Pennsylvania,"Cheyney University of Pennsylvania
Address : 1837 University Circle, Cheyney, Pennsylvania 19319-0200",www.cheyney.edu,"$27,558","$25,574","$16,606","$33,654","$31,670","$22,702"
144005,Chicago State University,"Chicago State University
Address : 9501 S. King Drive, Chicago, Illinois 60628-1598",www.csu.edu,"$24,891","$24,891","$16,167","$31,851","$31,851","$23,127"
133021,Chipola College,"Chipola College
Address : 3094 Indian Circle, Marianna, Florida 32446-2053",www.chipola.edu,"$11,415","$13,656","$8,268","$17,245","$19,486","$14,098"
198303,Chowan University,"Chowan University
Address : One University Place, Murfreesboro, North Carolina 27855",www.chowan.edu/,"$35,544",,,"$35,544","$26,594",
219833,Christian Brothers University,"Christian Brothers University
Address : 650 East Parkway South, Memphis, Tennessee 38104",www.cbu.edu,"$43,276",,,"$43,276","$34,576",
260947,Christian Life College,"Christian Life College
Address : 400 E Gregory St, Mount Prospect, Illinois 60056-2522",www.christianlifecollege.edu,"$19,713",,,"$27,745","$16,005",
231712,Christopher Newport University,"Christopher Newport University
Address : 1 Avenue of the Arts, Newport News, Virginia 23606-3072",cnu.edu/,"$28,756","$29,934","$18,382","$40,382","$41,560","$30,008"
201858,Cincinnati Christian University,"Cincinnati Christian University
Address : 2700 Glenway Ave, Cincinnati, Ohio 45204-3200",www.ccuniversity.edu,"$30,746",,,"$32,287","$22,886",
201867,Cincinnati College of Mortuary Science,"Cincinnati College of Mortuary Science
Address : 645 W North Bend Rd, Cincinnati, Ohio 45224-1462",www.ccms.edu,"$37,970",,"$30,245",,,
217864,Citadel Military College of South Carolina,"Citadel Military College of South Carolina
Address : 171 Moultrie St, Charleston, South Carolina 29409",www.citadel.edu,"$27,838",,"$48,916",,,
244233,City College-Fort Lauderdale,"City College-Fort Lauderdale
Address : 2000 W. Commercial Boulevard, Fort Lauderdale, Florida 33309",www.citycollege.edu,"$30,524",,"$18,781",,,
406547,City College-Gainesville,"City College-Gainesville
Address : 7001 N.W. 4th Blvd., Gainesville, Florida 32607",www.citycollege.edu,"$30,524",,"$18,781",,,
434539,City College-Miami,"City College-Miami
Address : 9300 S Dadeland Blvd., 2nd Floor, Miami, Florida 33156",www.citycollege.edu,"$30,524",,"$18,781",,,
234915,City University of Seattle,"City University of Seattle
Address : 521 Wall Street, Suite 100, Seattle, Washington 98121",www.cityu.edu,"$29,396",,,"$29,396","$19,748",
457697,City Vision University,"City Vision University
Address : 3101 Troost Ave. Suite 200, Kansas City, Missouri 64109-1845",www.cityvision.edu,"$14,100",,"$8,200",,,
217873,Claflin University,"Claflin University
Address : 400 Magnolia Street, Orangeburg, South Carolina 29115-4498",www.claflin.edu,"$32,090",,,"$37,758","$26,758",
112260,Claremont McKenna College,"Claremont McKenna College
Address : 500 E 9th St, Claremont, California 91711-6400",www.cmc.edu,"$69,385",,,"$68,795","$61,397",
211644,Clarion University of Pennsylvania,"Clarion University of Pennsylvania
Address : 840 Wood Street, Clarion, Pennsylvania 16214",www.clarion.edu,"$26,029","$26,029","$14,883","$30,506","$30,506","$19,360"
138947,Clark Atlanta University,"Clark Atlanta University
Address : 223 James P Brawley Drive, SW, Atlanta, Georgia 30314-4391",www.cau.edu,"$37,761",,,,,
234933,Clark College,"Clark College
Address : 1933 Fort Vancouver Way, Vancouver, Washington 98663-3598",www.clark.edu,"$17,874",,"$7,272","$23,217","$12,615",
165334,Clark University,"Clark University
Address : 950 Main St, Worcester, Massachusetts 01610-1477",www.clarku.edu,"$53,350",,,"$53,450","$45,000",
153126,Clarke University,"Clarke University
Address : 1550 Clarke Dr, Dubuque, Iowa 52001-3198",www.clarke.edu,"$44,500",,,"$44,500","$35,300",
211024,Clarks Summit University,"Clarks Summit University
Address : 538 Venard Rd, South Abington Township, Pennsylvania 18411-1250",www.clarkssummitu.edu/,"$31,180",,,"$34,513","$25,423",
180832,Clarkson College,"Clarkson College
Address : 101 S 42nd St, Omaha, Nebraska 68131-2739",www.clarksoncollege.edu/,"$29,300",,,"$29,900","$21,500",
190044,Clarkson University,"Clarkson University
Address : 8 Clarkson Ave, Potsdam, New York 13699",www.clarkson.edu,"$64,018",,,"$59,886","$50,508",
139311,Clayton  State University,"Clayton  State University
Address : 2000 Clayton State Boulevard, Morrow, Georgia 30260-0285",www.clayton.edu,"$19,218","$20,812","$9,062","$29,474","$31,068","$19,318"
156417,Clear Creek Baptist Bible College,"Clear Creek Baptist Bible College
Address : 300 Clear Creek Rd, Pineville, Kentucky 40977-9752",www.ccbbc.edu/,"$16,609",,,"$20,058","$12,449",
169327,Cleary University,"Cleary University
Address : 3750 Cleary Drive, Howell, Michigan 48843",www.cleary.edu,"$31,160",,,"$26,414","$22,220",
217882,Clemson University,"Clemson University
Address : 201 Sikes Hall, Clemson, South Carolina 29634",www.clemson.edu,"$28,662","$28,662","$22,006","$48,544","$48,544","$41,888"
202046,Cleveland Institute of Art,"Cleveland Institute of Art
Address : 11610 Euclid Avenue, Cleveland, Ohio 44106-1710",www.cia.edu,"$57,170",,,"$55,095","$49,955",
202073,Cleveland Institute of Music,"Cleveland Institute of Music
Address : 11021 East Blvd, Cleveland, Ohio 44106-1776",www.cim.edu,"$66,262",,,"$60,381","$51,606",
202134,Cleveland State University,"Cleveland State University
Address : 2121 Euclid Avenue, Cleveland, Ohio 44115-2214",www.csuohio.edu/,"$26,038","$26,038","$14,038","$30,089","$30,089","$18,089"
177038,Cleveland University-Kansas City,"Cleveland University-Kansas City
Address : 10850 Lowell Avenue, Overland Park, Kansas 66210",www.cleveland.edu,"$33,556",,"$20,347",,,
217891,Clinton College,"Clinton College
Address : 1029 Crawford Rd, Rock Hill, South Carolina 29730",www.clintoncollege.edu,"$19,645",,,"$19,145","$9,594",
234951,Clover Park Technical College,"Clover Park Technical College
Address : 4500 Steilacoom Blvd SW, Lakewood, Washington 98499-4004",www.cptc.edu,"$19,453",,"$10,045","$25,494","$16,086",
218724,Coastal Carolina University,"Coastal Carolina University
Address : 103 Tom Trout Drive, Conway, South Carolina 29526",www.coastal.edu,"$25,082","$24,148","$16,500","$39,326","$38,392","$30,744"
153144,Coe College,"Coe College
Address : 1220 First Ave NE, Cedar Rapids, Iowa 52402-5092",www.coe.edu,"$53,490",,,"$53,490","$44,670",
112394,Cogswell College,"Cogswell College
Address : 191 Baypointe Parkway, San Jose, California 95134",www.cogswell.edu,"$36,620",,,"$37,687","$25,321",
217907,Coker College,"Coker College
Address : 300 E College Ave, Hartsville, South Carolina 29550",coker.edu,"$38,718",,,"$35,316","$30,150",
161086,Colby College,"Colby College
Address : 4000 Mayflower Hill Drive, Waterville, Maine 04901-8840",www.colby.edu,"$65,824",,,"$58,174","$52,724",
182634,Colby-Sawyer College,"Colby-Sawyer College
Address : 541 Main St, New London, New Hampshire 03257-7835",www.colby-sawyer.edu,"$55,710",,,"$52,590","$42,450",
241720,Colegio Universitario de San Juan,"Colegio Universitario de San Juan
Address : 180 Jose Oliver St Tres Monjitas  Ind. Park, San Juan, Puerto Rico 00918",www.cunisanjuan.edu,"$12,450",,"$4,840",,,
112446,Coleman University,"Coleman University
Address : 8888 Balboa Ave, San Diego, California 92123-1506",www.coleman.edu,"$34,460",,"$26,693",,,
190099,Colgate University,"Colgate University
Address : 13 Oak Dr, Hamilton, New York 13346-1398",www.colgate.edu,"$67,290",,,,,
169442,College for Creative Studies,"College for Creative Studies
Address : 201 E Kirby, Detroit, Michigan 48202",www.collegeforcreativestudies.edu,"$56,190",,,"$56,190","$47,540",
388520,College of Biblical Studies-Houston,"College of Biblical Studies-Houston
Address : 7000 Regency Square Blvd., Houston, Texas 77036-3211",www.cbshouston.edu,"$21,769",,"$11,233",,,
417318,College of Business and Technology-Main Campus,"College of Business and Technology-Main Campus
Address : 8700 West Flagler Street, Suite 420, Miami, Florida 33174",www.cbt.edu,"$24,672",,"$18,352",,,
482024,College of Business and Technology-Miami Gardens,"College of Business and Technology-Miami Gardens
Address : 5190 NW 167 Street, Miami Gardens, Florida 33014-6338",www.cbt.edu,"$24,582",,"$18,352",,,
132851,College of Central Florida,"College of Central Florida
Address : 3001 SW College Rd, Ocala, Florida 34474",www.cf.edu,"$12,716",,"$6,974","$20,272","$14,530",
217819,College of Charleston,"College of Charleston
Address : 66 George St, Charleston, South Carolina 29424-0001",www.cofc.edu,"$28,989","$27,838","$17,072","$47,147","$45,996","$35,230"
139250,College of Coastal Georgia,"College of Coastal Georgia
Address : One College Drive, Brunswick, Georgia 31520-3644",www.ccga.edu,"$20,021","$16,169","$10,501","$26,628","$22,776","$17,108"
392257,College of Health Care Professions-Northwest,"College of Health Care Professions-Northwest
Address : 240 Northwest Mall, Houston, Texas 77092",www.chcp.edu,"$32,549",,"$22,530",,,
413617,College of Menominee Nation,"College of Menominee Nation
Address : N172 State Highway 47&amp;55, Keshena, Wisconsin 54135-1179",www.menominee.edu,"$17,342",,"$10,350",,,
193399,College of Mount Saint Vincent,"College of Mount Saint Vincent
Address : 6301 Riverdale Ave, Bronx, New York 10471-1093",www.mountsaintvincent.edu,"$46,135",,,"$50,795","$37,415",
167394,College of Our Lady of the Elms,"College of Our Lady of the Elms
Address : 291 Springfield St, Chicopee, Massachusetts 01013",www.elms.edu,"$49,198",,,"$46,777","$37,462",
174747,College of Saint Benedict,"College of Saint Benedict
Address : 37 S. College Ave., Saint Joseph, Minnesota 56374",www.csbsju.edu,"$55,206",,,"$55,206","$44,671",
186618,College of Saint Elizabeth,"College of Saint Elizabeth
Address : 2 Convent Rd, Morristown, New Jersey 07960-6989",www.cse.edu,"$51,225",,,"$50,059","$38,481",
181604,College of Saint Mary,"College of Saint Mary
Address : 7000 Mercy Rd., Omaha, Nebraska 68106",www.csm.edu,"$40,962",,,"$42,610","$34,204",
182005,College of Southern Nevada,"College of Southern Nevada
Address : 6375 W. Charleston Blvd., Las Vegas, Nevada 89146-1164",www.csn.edu,"$16,762",,"$9,149","$23,407","$15,794",
231077,College of St Joseph,"College of St Joseph
Address : 71 Clement Road, Rutland, Vermont 05701-3899",www.csj.edu,"$37,400",,,,,
190558,College of Staten Island CUNY,"College of Staten Island CUNY
Address : 2800 Victory Blvd, Staten Island, New York 10314",www.csi.cuny.edu,"$30,783","$27,269","$12,256","$37,893","$34,379","$19,366"
160959,College of the Atlantic,"College of the Atlantic
Address : 105 Eden Street, Bar Harbor, Maine 04609",www.coa.edu,"$54,969",,,,,
222178,Abilene Christian University,"Abilene Christian University
Address :  , Abilene, Texas 79699",www.acu.edu,"$45,980",,,"$45,980","$36,670",
222178,Abilene Christian University," , Abilene, Texas 79699",www.acu.edu,"$45,980",,,"$45,980","$36,670",
138558,Abraham Baldwin Agricultural College,"2802 Moore Hwy, Tifton, Georgia 31793-2601",www.abac.edu,"$15,025","$14,053","$7,653","$21,632","$20,660","$14,260"
488031,Abraham Lincoln University,"All programs offered completely via Distance education
Address : 3530 Wilshire Boulevard, Suite 1430, Los Angeles, California 90010",www.alu.edu/,"$117,284",,"$60,356",,
172866,Academy College,"1600 W. 82nd Street, Suite 100, Bloomington, Minnesota 55431-1411",www.academycollege.edu,"$36,650",,"$28,111",,
108232,Academy of Art University,"79 New Montgomery, San Francisco, California 94105",www.academyart.edu,"$41,234",,,"$39,804","$27,438",
439969,Acupuncture and Massage College,"10506 N Kendall Drive, Miami, Florida 33176",www.amcollege.edu,"$37,407",,"$17,127",,
126182,Adams State University,"208 Edgemont Blvd, Alamosa, Colorado 81101",www.adams.edu,"$22,266","$23,409","$13,563","$33,282","$34,425","$24,579"
188429,Adelphi University,"South Ave, Garden City, New York 11530-0701",www.adelphi.edu/,"$53,688",,,"$53,688","$43,720",
168528,Adrian College,"110 S Madison St, Adrian, Michigan 49221-2575",www.adrian.edu,"$50,706",,,"$50,706","$39,966",
133872,Adventist University of Health Sciences,"671 Winyah Drive, Orlando, Florida 32803",www.adu.edu,"$26,556",,,"$31,700","$20,430",
222178,Abilene Christian University,"Abilene Christian University
Address :  , Abilene, Texas 79699",www.acu.edu,"$45,980",,,"$45,980","$36,670",
138558,Abraham Baldwin Agricultural College,"Abraham Baldwin Agricultural College
Address : 2802 Moore Hwy, Tifton, Georgia 31793-2601",www.abac.edu,"$15,025","$14,053","$7,653","$21,632","$20,660","$14,260"
